id,title,description,type,category_code,reward_xp,verification_type,place_content_id,place_name,version,is_reusable,review_status,missing_since
rq_1edb8fe95e90460c,"2025 대전 소통공감행사 ""청끌夜"" 원도심 걷기","2025 대전 소통공감행사 ""청끌夜"" 주변을 걸으며 원도심 산책 기록을 완성합니다.",이동형,downtown,40,gps_distance,3553823,"2025 대전 소통공감행사 ""청끌夜""",1,t,approved,2026-09-08 10:07:15.36301+09
rq_f3777baba4204464,2025 유성온천 크리스마스 축제 원도심 걷기,2025 유성온천 크리스마스 축제 주변을 걸으며 원도심 산책 기록을 완성합니다.,이동형,downtown,40,gps_distance,2915307,2025 유성온천 크리스마스 축제,1,t,approved,
rq_cf843e38ccf343cb,2025년 제20회 인문주간 원도심 걷기,2025년 제20회 인문주간 주변을 걸으며 원도심 산책 기록을 완성합니다.,이동형,downtown,40,gps_distance,3551562,2025년 제20회 인문주간,1,t,approved,
rq_e749f34439b34d79,2026 선양 맨몸마라톤 원도심 걷기,2026 선양 맨몸마라톤 주변을 걸으며 원도심 산책 기록을 완성합니다.,이동형,downtown,40,gps_distance,3420072,2026 선양 맨몸마라톤,1,t,approved,
rq_1bf34bd4252a49da,광수사 원도심 걷기,광수사 주변을 걸으며 원도심 산책 기록을 완성합니다.,이동형,downtown,40,gps_distance,2758282,광수사,1,t,approved,
rq_cbd90d9393744a18,구절사 원도심 걷기,구절사 주변을 걸으며 원도심 산책 기록을 완성합니다.,이동형,downtown,40,gps_distance,298095,구절사,1,t,approved,2026-09-08 10:07:15.36301+09
rq_d362c343bf014045,국립대전현충원 보훈둘레길 원도심 걷기,국립대전현충원 보훈둘레길 주변을 걸으며 원도심 산책 기록을 완성합니다.,이동형,downtown,40,gps_distance,126003,국립대전현충원 보훈둘레길,1,t,approved,
rq_9adee636f79848a0,굿모닝레지던스호텔휴 원도심 걷기,굿모닝레지던스호텔휴 주변을 걸으며 원도심 산책 기록을 완성합니다.,이동형,downtown,40,gps_distance,1932079,굿모닝레지던스호텔휴,1,t,approved,
rq_c2dc2c6f60d44a88,김정선생묘소일원 원도심 걷기,김정선생묘소일원 주변을 걸으며 원도심 산책 기록을 완성합니다.,이동형,downtown,40,gps_distance,1126556,김정선생묘소일원,1,t,approved,
rq_d429b9ddf48f4dbf,꿀잼도시 대전홍보관 원도심 걷기,꿀잼도시 대전홍보관 주변을 걸으며 원도심 산책 기록을 완성합니다.,이동형,downtown,40,gps_distance,3454325,꿀잼도시 대전홍보관,1,t,approved,
rq_d2972e30940c48b3,남간정사 원도심 걷기,남간정사 주변을 걸으며 원도심 산책 기록을 완성합니다.,이동형,downtown,40,gps_distance,1955668,남간정사,1,t,approved,
rq_a23d51eb3ec04936,내원사(대전) 원도심 걷기,내원사(대전) 주변을 걸으며 원도심 산책 기록을 완성합니다.,이동형,downtown,40,gps_distance,298208,내원사(대전),1,t,approved,
rq_89aa6bb2221c402c,대덕문예회관 원도심 걷기,대덕문예회관 주변을 걸으며 원도심 산책 기록을 완성합니다.,이동형,downtown,40,gps_distance,1747497,대덕문예회관,1,t,approved,
rq_60d747eccd9d40c1,대덕문화원 원도심 걷기,대덕문화원 주변을 걸으며 원도심 산책 기록을 완성합니다.,이동형,downtown,40,gps_distance,130201,대덕문화원,1,t,approved,
rq_4dab75b8f12a4d86,대동벽화마을 원도심 걷기,대동벽화마을 주변을 걸으며 원도심 산책 기록을 완성합니다.,이동형,downtown,40,gps_distance,2752861,대동벽화마을,1,t,approved,
rq_f93a0e66d5ab485a,대전 가수원도서관 원도심 걷기,대전 가수원도서관 주변을 걸으며 원도심 산책 기록을 완성합니다.,이동형,downtown,40,gps_distance,130802,대전 가수원도서관,1,t,approved,
rq_1703a9d77a254149,대전 신흥사 원도심 걷기,대전 신흥사 주변을 걸으며 원도심 산책 기록을 완성합니다.,이동형,downtown,40,gps_distance,2766959,대전 신흥사,1,t,approved,
rq_9f6e979d70dd4266,대전 엑스포 아쿠아리움 원도심 걷기,대전 엑스포 아쿠아리움 주변을 걸으며 원도심 산책 기록을 완성합니다.,이동형,downtown,40,gps_distance,2782788,대전 엑스포 아쿠아리움,1,t,approved,
rq_ee869fab155e4c51,대전 중구문화원 원도심 걷기,대전 중구문화원 주변을 걸으며 원도심 산책 기록을 완성합니다.,이동형,downtown,40,gps_distance,129973,대전 중구문화원,1,t,approved,
rq_a54da8950b7542b3,대전 한화생명 볼파크 원도심 걷기,대전 한화생명 볼파크 주변을 걸으며 원도심 산책 기록을 완성합니다.,이동형,downtown,40,gps_distance,2766990,대전 한화생명 볼파크,1,t,approved,
rq_4f2384aa0f9d4074,대전교통문화연수원 원도심 걷기,대전교통문화연수원 주변을 걸으며 원도심 산책 기록을 완성합니다.,이동형,downtown,40,gps_distance,1089992,대전교통문화연수원,1,t,approved,
rq_8168b18282724353,대전근로자종합복지회관 원도심 걷기,대전근로자종합복지회관 주변을 걸으며 원도심 산책 기록을 완성합니다.,이동형,downtown,40,gps_distance,131149,대전근로자종합복지회관,1,t,approved,
rq_511dde135c834374,대전라마다호텔 원도심 걷기,대전라마다호텔 주변을 걸으며 원도심 산책 기록을 완성합니다.,이동형,downtown,40,gps_distance,2913368,대전라마다호텔,1,t,approved,
rq_79c3915027764b43,대전별서 원도심 걷기,대전별서 주변을 걸으며 원도심 산책 기록을 완성합니다.,이동형,downtown,40,gps_distance,3533130,대전별서,1,t,approved,
rq_e07d07232dcc41a2,대전서구문화원 원도심 걷기,대전서구문화원 주변을 걸으며 원도심 산책 기록을 완성합니다.,이동형,downtown,40,gps_distance,130197,대전서구문화원,1,t,approved,
rq_f5540a4a44e44062,대전어린이회관 원도심 걷기,대전어린이회관 주변을 걸으며 원도심 산책 기록을 완성합니다.,이동형,downtown,40,gps_distance,1125312,대전어린이회관,1,t,approved,
rq_aa0725ed161a495e,대전트래블라운지 원도심 걷기,대전트래블라운지 주변을 걸으며 원도심 산책 기록을 완성합니다.,이동형,downtown,40,gps_distance,2722927,대전트래블라운지,1,t,approved,
rq_5a89aa1c8a0443b4,대흥동 문화예술의거리 원도심 걷기,대흥동 문화예술의거리 주변을 걸으며 원도심 산책 기록을 완성합니다.,이동형,downtown,40,gps_distance,1909639,대흥동 문화예술의거리,1,t,approved,
rq_122d128532624a2e,도산서원(대전) 원도심 걷기,도산서원(대전) 주변을 걸으며 원도심 산책 기록을 완성합니다.,이동형,downtown,40,gps_distance,1955818,도산서원(대전),1,t,approved,
rq_58425a686a534ad3,둔산전자타운 원도심 걷기,둔산전자타운 주변을 걸으며 원도심 산책 기록을 완성합니다.,이동형,downtown,40,gps_distance,1623725,둔산전자타운,1,f,approved,
rq_d295cab1d4d7486d,디즈니스토어 현대프리미엄아울렛 대전점 원도심 걷기,디즈니스토어 현대프리미엄아울렛 대전점 주변을 걸으며 원도심 산책 기록을 완성합니다.,이동형,downtown,40,gps_distance,3454381,디즈니스토어 현대프리미엄아울렛 대전점,1,t,approved,
rq_9fd8759ce4c245a3,롯데백화점 (대전점) 원도심 걷기,롯데백화점 (대전점) 주변을 걸으며 원도심 산책 기록을 완성합니다.,이동형,downtown,40,gps_distance,132661,롯데백화점 (대전점),1,f,approved,
rq_694fd52c37964836,무수천하마을 원도심 걷기,무수천하마을 주변을 걸으며 원도심 산책 기록을 완성합니다.,이동형,downtown,40,gps_distance,803712,무수천하마을,1,t,approved,
rq_e06c0386d1814fbc,문충사 원도심 걷기,문충사 주변을 걸으며 원도심 산책 기록을 완성합니다.,이동형,downtown,40,gps_distance,1622872,문충사,1,t,approved,
rq_6967639232264f98,박팽년선생유허비 원도심 걷기,박팽년선생유허비 주변을 걸으며 원도심 산책 기록을 완성합니다.,이동형,downtown,40,gps_distance,1622788,박팽년선생유허비,1,t,approved,
rq_5c5bdf9f467d4369,법동 석장승 원도심 걷기,법동 석장승 주변을 걸으며 원도심 산책 기록을 완성합니다.,이동형,downtown,40,gps_distance,1622603,법동 석장승,1,t,approved,
rq_228a09386a204e48,보문산마애여래좌상 원도심 걷기,보문산마애여래좌상 주변을 걸으며 원도심 산책 기록을 완성합니다.,이동형,downtown,40,gps_distance,1623937,보문산마애여래좌상,1,t,approved,
rq_7a18a9b122cd4e1b,복전암 원도심 걷기,복전암 주변을 걸으며 원도심 산책 기록을 완성합니다.,이동형,downtown,40,gps_distance,316266,복전암,1,t,approved,
rq_43eb69045ff74559,봉소루 원도심 걷기,봉소루 주변을 걸으며 원도심 산책 기록을 완성합니다.,이동형,downtown,40,gps_distance,1623927,봉소루,1,t,approved,
rq_19be4b2e50824c28,부사노바 원도심 걷기,부사노바 주변을 걸으며 원도심 산책 기록을 완성합니다.,이동형,downtown,40,gps_distance,3533155,부사노바,1,t,approved,
rq_70d5070ad8fa468d,비래사 원도심 걷기,비래사 주변을 걸으며 원도심 산책 기록을 완성합니다.,이동형,downtown,40,gps_distance,2673993,비래사,1,t,approved,
rq_1d9f6fd078424ef3,빨간대문 원도심 걷기,빨간대문 주변을 걸으며 원도심 산책 기록을 완성합니다.,이동형,downtown,40,gps_distance,3533154,빨간대문,1,t,approved,
rq_7551f15d14af4999,사교루 원도심 걷기,사교루 주변을 걸으며 원도심 산책 기록을 완성합니다.,이동형,downtown,40,gps_distance,1623767,사교루,1,t,approved,
rq_f5038e75cd19402a,삼매당 원도심 걷기,삼매당 주변을 걸으며 원도심 산책 기록을 완성합니다.,이동형,downtown,40,gps_distance,1622775,삼매당,1,t,approved,
rq_2702547674804217,상소오토캠핑장 원도심 걷기,상소오토캠핑장 주변을 걸으며 원도심 산책 기록을 완성합니다.,이동형,downtown,40,gps_distance,2727458,상소오토캠핑장,1,t,approved,
rq_58c3c42606d342ba,석봉도서관 원도심 걷기,석봉도서관 주변을 걸으며 원도심 산책 기록을 완성합니다.,이동형,downtown,40,gps_distance,3443300,석봉도서관,1,t,approved,
rq_bde89f0a7640468c,소제동 원도심 걷기,소제동 주변을 걸으며 원도심 산책 기록을 완성합니다.,이동형,downtown,40,gps_distance,2662682,소제동,1,t,approved,
rq_dfa692b48bf2411a,수운교도솔천 원도심 걷기,수운교도솔천 주변을 걸으며 원도심 산책 기록을 완성합니다.,이동형,downtown,40,gps_distance,250324,수운교도솔천,1,t,approved,
rq_58e0d33277264fe3,숭현서원지 원도심 걷기,숭현서원지 주변을 걸으며 원도심 산책 기록을 완성합니다.,이동형,downtown,40,gps_distance,1058971,숭현서원지,1,t,approved,
rq_aaa6dbc36e484b79,스카이로드 원도심 걷기,스카이로드 주변을 걸으며 원도심 산책 기록을 완성합니다.,이동형,downtown,40,gps_distance,1964622,스카이로드,1,t,approved,
rq_b292ea9f16f748ad,스탕달호텔 원도심 걷기,스탕달호텔 주변을 걸으며 원도심 산책 기록을 완성합니다.,이동형,downtown,40,gps_distance,2931417,스탕달호텔,1,t,approved,
rq_7e35ccc7511f4e03,스테이 자유 원도심 걷기,스테이 자유 주변을 걸으며 원도심 산책 기록을 완성합니다.,이동형,downtown,40,gps_distance,3533153,스테이 자유,1,t,approved,
rq_51fab57eb50f4a69,안동권씨유회당종가일원 원도심 걷기,안동권씨유회당종가일원 주변을 걸으며 원도심 산책 기록을 완성합니다.,이동형,downtown,40,gps_distance,1623828,안동권씨유회당종가일원,1,t,approved,
rq_9e68e25e07a2462c,옥류각 원도심 걷기,옥류각 주변을 걸으며 원도심 산책 기록을 완성합니다.,이동형,downtown,40,gps_distance,1622660,옥류각,1,t,approved,
rq_71b975650731466e,옥오재 원도심 걷기,옥오재 주변을 걸으며 원도심 산책 기록을 완성합니다.,이동형,downtown,40,gps_distance,1622717,옥오재,1,t,approved,
rq_a60b0f9eb07540d2,용화사(대전) 원도심 걷기,용화사(대전) 주변을 걸으며 원도심 산책 기록을 완성합니다.,이동형,downtown,40,gps_distance,1623687,용화사(대전),1,t,approved,
rq_3c47e996124f42c2,유성 관광특구 원도심 걷기,유성 관광특구 주변을 걸으며 원도심 산책 기록을 완성합니다.,이동형,downtown,40,gps_distance,1958042,유성 관광특구,1,t,approved,
rq_b4cbf51fa2d349bf,유성 족욕체험장 원도심 걷기,유성 족욕체험장 주변을 걸으며 원도심 산책 기록을 완성합니다.,이동형,downtown,40,gps_distance,2605899,유성 족욕체험장,1,t,approved,
rq_6882c309349344d2,유성독서대전 원도심 걷기,유성독서대전 주변을 걸으며 원도심 산책 기록을 완성합니다.,이동형,downtown,40,gps_distance,3544873,유성독서대전,1,t,approved,
rq_fd5c09062e7e4092,유성온천지구 원도심 걷기,유성온천지구 주변을 걸으며 원도심 산책 기록을 완성합니다.,이동형,downtown,40,gps_distance,125858,유성온천지구,1,t,approved,
rq_874daf9da2f14589,유회당사당 원도심 걷기,유회당사당 주변을 걸으며 원도심 산책 기록을 완성합니다.,이동형,downtown,40,gps_distance,1623810,유회당사당,1,t,approved,
rq_7929f9fd9e354c6e,이시직공정려각 원도심 걷기,이시직공정려각 주변을 걸으며 원도심 산책 기록을 완성합니다.,이동형,downtown,40,gps_distance,1622695,이시직공정려각,1,t,approved,
rq_404739c1f333455a,인쇄거리 원도심 걷기,인쇄거리 주변을 걸으며 원도심 산책 기록을 완성합니다.,이동형,downtown,40,gps_distance,1623668,인쇄거리,1,t,approved,
rq_bcfe6b20c4fe448a,자광사(대전) 원도심 걷기,자광사(대전) 주변을 걸으며 원도심 산책 기록을 완성합니다.,이동형,downtown,40,gps_distance,128878,자광사(대전),1,t,approved,
rq_f3ffeeafb3684bad,자우리호텔 원도심 걷기,자우리호텔 주변을 걸으며 원도심 산책 기록을 완성합니다.,이동형,downtown,40,gps_distance,2931419,자우리호텔,1,t,approved,
rq_31d6da546aa64b7c,저스트슬립호텔 유성온천점 원도심 걷기,저스트슬립호텔 유성온천점 주변을 걸으며 원도심 산책 기록을 완성합니다.,이동형,downtown,40,gps_distance,3085028,저스트슬립호텔 유성온천점,1,t,approved,
rq_bfc7121769c44915,제월당 원도심 걷기,제월당 주변을 걸으며 원도심 산책 기록을 완성합니다.,이동형,downtown,40,gps_distance,1622728,제월당,1,t,approved,
rq_1878b5a70bc54495,진잠향교 원도심 걷기,진잠향교 주변을 걸으며 원도심 산책 기록을 완성합니다.,이동형,downtown,40,gps_distance,1954031,진잠향교,1,t,approved,
rq_19c12698d598447c,찬샘마을 원도심 걷기,찬샘마을 주변을 걸으며 원도심 산책 기록을 완성합니다.,이동형,downtown,40,gps_distance,128413,찬샘마을,1,t,approved,
rq_c3385654ee894494,창계숭절사 원도심 걷기,창계숭절사 주변을 걸으며 원도심 산책 기록을 완성합니다.,이동형,downtown,40,gps_distance,1623977,창계숭절사,1,t,approved,
rq_9de7d7af62f24a3b,초연물외암각 원도심 걷기,초연물외암각 주변을 걸으며 원도심 산책 기록을 완성합니다.,이동형,downtown,40,gps_distance,1622686,초연물외암각,1,t,approved,
rq_cc419576bbe74350,충남대학교 정심화국제문화회관 원도심 걷기,충남대학교 정심화국제문화회관 주변을 걸으며 원도심 산책 기록을 완성합니다.,이동형,downtown,40,gps_distance,1167117,충남대학교 정심화국제문화회관,1,t,approved,
rq_d0601883a594492b,취백정 원도심 걷기,취백정 주변을 걸으며 원도심 산책 기록을 완성합니다.,이동형,downtown,40,gps_distance,1622562,취백정,1,t,approved,
rq_b086cfacc7364172,카이스트 강당·노천극장 원도심 걷기,카이스트 강당·노천극장 주변을 걸으며 원도심 산책 기록을 완성합니다.,이동형,downtown,40,gps_distance,130069,카이스트 강당·노천극장,1,t,approved,
rq_8fdae7981987486e,캠프향기 원도심 걷기,캠프향기 주변을 걸으며 원도심 산책 기록을 완성합니다.,이동형,downtown,40,gps_distance,2730065,캠프향기,1,t,approved,
rq_78841a20d4ff4a69,평송청소년문화센터 원도심 걷기,평송청소년문화센터 주변을 걸으며 원도심 산책 기록을 완성합니다.,이동형,downtown,40,gps_distance,1623708,평송청소년문화센터,1,t,approved,
rq_24d61ca3faff4015,하기숲캠핑장 원도심 걷기,하기숲캠핑장 주변을 걸으며 원도심 산책 기록을 완성합니다.,이동형,downtown,40,gps_distance,2792581,하기숲캠핑장,1,t,approved,
rq_f5cf1230719e40d2,한남대학교 성지관 원도심 걷기,한남대학교 성지관 주변을 걸으며 원도심 산책 기록을 완성합니다.,이동형,downtown,40,gps_distance,129723,한남대학교 성지관,1,t,approved,
rq_40cbb8f04fc7414d,한밭종합운동장 원도심 걷기,한밭종합운동장 주변을 걸으며 원도심 산책 기록을 완성합니다.,이동형,downtown,40,gps_distance,1353752,한밭종합운동장,1,t,approved,
rq_e4c173747ac8452c,호텔 더 에이치(Hotel The H) 원도심 걷기,호텔 더 에이치(Hotel The H) 주변을 걸으며 원도심 산책 기록을 완성합니다.,이동형,downtown,40,gps_distance,2594874,호텔 더 에이치(Hotel The H),1,t,approved,
rq_1f57963d07fd4339,호텔 인터시티 원도심 걷기,호텔 인터시티 주변을 걸으며 원도심 산책 기록을 완성합니다.,이동형,downtown,40,gps_distance,143023,호텔 인터시티,1,t,approved,
rq_1c1ec67bdbca493f,호텔ICC 원도심 걷기,호텔ICC 주변을 걸으며 원도심 산책 기록을 완성합니다.,이동형,downtown,40,gps_distance,2948479,호텔ICC,1,t,approved,
rq_a8f59377dc16492c,호텔스카이파크 대전1호점 원도심 걷기,호텔스카이파크 대전1호점 주변을 걸으며 원도심 산책 기록을 완성합니다.,이동형,downtown,40,gps_distance,2770452,호텔스카이파크 대전1호점,1,t,approved,
rq_993ce4fcdf4646d3,회덕향교 원도심 걷기,회덕향교 주변을 걸으며 원도심 산책 기록을 완성합니다.,이동형,downtown,40,gps_distance,1954045,회덕향교,1,t,approved,
rq_b2b1a9677fa64240,11시들쌈밥 로컬 상권 방문,11시들쌈밥 방문 사진 또는 영수증 인증으로 지역 상권 XP를 획득합니다.,소비형,market,60,receipt_or_sign_photo,2866231,11시들쌈밥,1,t,approved,
rq_27f4ee5854a74c41,가남지 로컬 상권 방문,가남지 방문 사진 또는 영수증 인증으로 지역 상권 XP를 획득합니다.,소비형,market,60,receipt_or_sign_photo,250577,가남지,1,t,approved,
rq_a630087065624b48,가데나 레스토랑 로컬 상권 방문,가데나 레스토랑 방문 사진 또는 영수증 인증으로 지역 상권 XP를 획득합니다.,소비형,market,60,receipt_or_sign_photo,2866692,가데나 레스토랑,1,t,approved,
rq_8c4df144475949b3,간사이 로컬 상권 방문,간사이 방문 사진 또는 영수증 인증으로 지역 상권 XP를 획득합니다.,소비형,market,60,receipt_or_sign_photo,2912774,간사이,1,t,approved,2026-09-08 10:07:15.36301+09
rq_0a728f389cef4b86,갈마짬뽕 로컬 상권 방문,갈마짬뽕 방문 사진 또는 영수증 인증으로 지역 상권 XP를 획득합니다.,소비형,market,60,receipt_or_sign_photo,2899643,갈마짬뽕,1,t,approved,
rq_1636dd5091e64fb8,갈밭식당 로컬 상권 방문,갈밭식당 방문 사진 또는 영수증 인증으로 지역 상권 XP를 획득합니다.,소비형,market,60,receipt_or_sign_photo,2580078,갈밭식당,1,t,approved,
rq_6db041aad6af44c3,개천식당 로컬 상권 방문,개천식당 방문 사진 또는 영수증 인증으로 지역 상권 XP를 획득합니다.,소비형,market,60,receipt_or_sign_photo,2580239,개천식당,1,t,approved,
rq_fd262d0d08724507,경동오징어국수 로컬 상권 방문,경동오징어국수 방문 사진 또는 영수증 인증으로 지역 상권 XP를 획득합니다.,소비형,market,60,receipt_or_sign_photo,2580294,경동오징어국수,1,t,approved,
rq_99e3698145764b4e,경성삼겹살 로컬 상권 방문,경성삼겹살 방문 사진 또는 영수증 인증으로 지역 상권 XP를 획득합니다.,소비형,market,60,receipt_or_sign_photo,2912781,경성삼겹살,1,t,approved,2026-09-08 10:07:15.36301+09
rq_829ec3fa4dc343f2,관저당 로컬 상권 방문,관저당 방문 사진 또는 영수증 인증으로 지역 상권 XP를 획득합니다.,소비형,market,60,receipt_or_sign_photo,2899637,관저당,1,t,approved,
rq_04e2aecdd44748e0,광천식당 로컬 상권 방문,광천식당 방문 사진 또는 영수증 인증으로 지역 상권 XP를 획득합니다.,소비형,market,60,receipt_or_sign_photo,1807489,광천식당,1,t,approved,
rq_2e1e4960d52a4c06,구구전복삼계탕 로컬 상권 방문,구구전복삼계탕 방문 사진 또는 영수증 인증으로 지역 상권 XP를 획득합니다.,소비형,market,60,receipt_or_sign_photo,2582070,구구전복삼계탕,1,t,approved,
rq_ce962bc429594270,구즉묵집 로컬 상권 방문,구즉묵집 방문 사진 또는 영수증 인증으로 지역 상권 XP를 획득합니다.,소비형,market,60,receipt_or_sign_photo,2788884,구즉묵집,1,t,approved,
rq_b580235fed5243ac,귀빈돌솥밥 로컬 상권 방문,귀빈돌솥밥 방문 사진 또는 영수증 인증으로 지역 상권 XP를 획득합니다.,소비형,market,60,receipt_or_sign_photo,133881,귀빈돌솥밥,1,t,approved,
rq_d656589c7077485f,꾸드뱅 로컬 상권 방문,꾸드뱅 방문 사진 또는 영수증 인증으로 지역 상권 XP를 획득합니다.,소비형,market,60,receipt_or_sign_photo,2899345,꾸드뱅,1,t,approved,
rq_a3c5081684eb4ae5,나마미 돈카츠 로컬 상권 방문,나마미 돈카츠 방문 사진 또는 영수증 인증으로 지역 상권 XP를 획득합니다.,소비형,market,60,receipt_or_sign_photo,2866716,나마미 돈카츠,1,t,approved,
rq_573297d7cff8486e,노랑물고기 본점 로컬 상권 방문,노랑물고기 본점 방문 사진 또는 영수증 인증으로 지역 상권 XP를 획득합니다.,소비형,market,60,receipt_or_sign_photo,2913800,노랑물고기 본점,1,t,approved,2026-09-08 10:07:15.36301+09
rq_b456b58c9c3b48a3,노크노크 로컬 상권 방문,노크노크 방문 사진 또는 영수증 인증으로 지역 상권 XP를 획득합니다.,소비형,market,60,receipt_or_sign_photo,3452550,노크노크,1,t,approved,
rq_8522d75245c64e01,농민순대 로컬 상권 방문,농민순대 방문 사진 또는 영수증 인증으로 지역 상권 XP를 획득합니다.,소비형,market,60,receipt_or_sign_photo,2738009,농민순대,1,t,approved,
rq_5cafa9310bae435e,다솜차반 로컬 상권 방문,다솜차반 방문 사진 또는 영수증 인증으로 지역 상권 XP를 획득합니다.,소비형,market,60,receipt_or_sign_photo,2580593,다솜차반,1,t,approved,
rq_231844ee6d4e46d1,다온by모루 로컬 상권 방문,다온by모루 방문 사진 또는 영수증 인증으로 지역 상권 XP를 획득합니다.,소비형,market,60,receipt_or_sign_photo,2866740,다온by모루,1,t,approved,
rq_fbe353e31a614c7c,다해어죽 로컬 상권 방문,다해어죽 방문 사진 또는 영수증 인증으로 지역 상권 XP를 획득합니다.,소비형,market,60,receipt_or_sign_photo,2913656,다해어죽,1,t,approved,2026-09-08 10:07:15.36301+09
rq_61e736a38b184ca4,대성콩국수 로컬 상권 방문,대성콩국수 방문 사진 또는 영수증 인증으로 지역 상권 XP를 획득합니다.,소비형,market,60,receipt_or_sign_photo,2899585,대성콩국수,1,t,approved,
rq_275b533a206a4460,대손관 본점 로컬 상권 방문,대손관 본점 방문 사진 또는 영수증 인증으로 지역 상권 XP를 획득합니다.,소비형,market,60,receipt_or_sign_photo,2735335,대손관 본점,1,t,approved,
rq_629bd79535244c95,대전 별리달리돈까스 로컬 상권 방문,대전 별리달리돈까스 방문 사진 또는 영수증 인증으로 지역 상권 XP를 획득합니다.,소비형,market,60,receipt_or_sign_photo,3447047,대전 별리달리돈까스,1,t,approved,
rq_8e71ce117f924b17,대전 중앙시장 로컬 상권 방문,대전 중앙시장 방문 사진 또는 영수증 인증으로 지역 상권 XP를 획득합니다.,소비형,market,60,receipt_or_sign_photo,1434477,대전 중앙시장,1,t,approved,
rq_9e384abdfca64a96,대전갈비집 로컬 상권 방문,대전갈비집 방문 사진 또는 영수증 인증으로 지역 상권 XP를 획득합니다.,소비형,market,60,receipt_or_sign_photo,2580632,대전갈비집,1,t,approved,
rq_7f99b7f4b6ff4e2d,대전광역시 노은농수산물도매시장 로컬 상권 방문,대전광역시 노은농수산물도매시장 방문 사진 또는 영수증 인증으로 지역 상권 XP를 획득합니다.,소비형,market,60,receipt_or_sign_photo,2737975,대전광역시 노은농수산물도매시장,1,t,approved,
rq_cc74ab471dfd46bd,대전밀면 로컬 상권 방문,대전밀면 방문 사진 또는 영수증 인증으로 지역 상권 XP를 획득합니다.,소비형,market,60,receipt_or_sign_photo,2866294,대전밀면,1,t,approved,
rq_0ce56fc0b15b4c0a,대청마루 옥순네 추어칼국수 로컬 상권 방문,대청마루 옥순네 추어칼국수 방문 사진 또는 영수증 인증으로 지역 상권 XP를 획득합니다.,소비형,market,60,receipt_or_sign_photo,858920,대청마루 옥순네 추어칼국수,1,t,approved,
rq_b61c9749e0b3414e,대청장어가 본점 로컬 상권 방문,대청장어가 본점 방문 사진 또는 영수증 인증으로 지역 상권 XP를 획득합니다.,소비형,market,60,receipt_or_sign_photo,2899332,대청장어가 본점,1,t,approved,
rq_16db8eed25e84b97,더 빛나 로컬 상권 방문,더 빛나 방문 사진 또는 영수증 인증으로 지역 상권 XP를 획득합니다.,소비형,market,60,receipt_or_sign_photo,2766971,더 빛나,1,t,approved,
rq_354be9b32a644cbb,더함뜰 로컬 상권 방문,더함뜰 방문 사진 또는 영수증 인증으로 지역 상권 XP를 획득합니다.,소비형,market,60,receipt_or_sign_photo,2766484,더함뜰,1,t,approved,
rq_1e9eeccd31ac43cf,델빠네 로컬 상권 방문,델빠네 방문 사진 또는 영수증 인증으로 지역 상권 XP를 획득합니다.,소비형,market,60,receipt_or_sign_photo,2865847,델빠네,1,t,approved,
rq_85c8fa9f436a4ffb,도레미아구찜 로컬 상권 방문,도레미아구찜 방문 사진 또는 영수증 인증으로 지역 상권 XP를 획득합니다.,소비형,market,60,receipt_or_sign_photo,2866787,도레미아구찜,1,t,approved,
rq_2fba8ce4927b4c32,도마큰시장 로컬 상권 방문,도마큰시장 방문 사진 또는 영수증 인증으로 지역 상권 XP를 획득합니다.,소비형,market,60,receipt_or_sign_photo,2758334,도마큰시장,1,t,approved,
rq_78b6b190704c4339,동서장어 로컬 상권 방문,동서장어 방문 사진 또는 영수증 인증으로 지역 상권 XP를 획득합니다.,소비형,market,60,receipt_or_sign_photo,2580679,동서장어,1,t,approved,
rq_3ae3dbb5cf01494b,동소예 로컬 상권 방문,동소예 방문 사진 또는 영수증 인증으로 지역 상권 XP를 획득합니다.,소비형,market,60,receipt_or_sign_photo,2867133,동소예,1,t,approved,
rq_0f3ba66c4ca7459e,동신수산(대전) 로컬 상권 방문,동신수산(대전) 방문 사진 또는 영수증 인증으로 지역 상권 XP를 획득합니다.,소비형,market,60,receipt_or_sign_photo,2580741,동신수산(대전),1,t,approved,
rq_5313c9dc054045f4,둔산꽃시장 로컬 상권 방문,둔산꽃시장 방문 사진 또는 영수증 인증으로 지역 상권 XP를 획득합니다.,소비형,market,60,receipt_or_sign_photo,2758341,둔산꽃시장,1,t,approved,
rq_570868f89b0e409b,둔산전자타운 로컬 상권 방문,둔산전자타운 방문 사진 또는 영수증 인증으로 지역 상권 XP를 획득합니다.,소비형,market,60,receipt_or_sign_photo,1623725,둔산전자타운,1,t,approved,
rq_bed2843abdc54065,둥지톳밥 로컬 상권 방문,둥지톳밥 방문 사진 또는 영수증 인증으로 지역 상권 XP를 획득합니다.,소비형,market,60,receipt_or_sign_photo,2866812,둥지톳밥,1,t,approved,
rq_e67b8ecf9d2e49d4,따봉시래기 로컬 상권 방문,따봉시래기 방문 사진 또는 영수증 인증으로 지역 상권 XP를 획득합니다.,소비형,market,60,receipt_or_sign_photo,2913758,따봉시래기,1,t,approved,2026-09-08 10:07:15.36301+09
rq_2cd3c065f4f642d5,떡갈나무집 로컬 상권 방문,떡갈나무집 방문 사진 또는 영수증 인증으로 지역 상권 XP를 획득합니다.,소비형,market,60,receipt_or_sign_photo,2899325,떡갈나무집,1,t,approved,
rq_668d33e7975f403c,띠울 석갈비 로컬 상권 방문,띠울 석갈비 방문 사진 또는 영수증 인증으로 지역 상권 XP를 획득합니다.,소비형,market,60,receipt_or_sign_photo,1939311,띠울 석갈비,1,t,approved,
rq_8a329bc75102482d,라끄블루 로컬 상권 방문,라끄블루 방문 사진 또는 영수증 인증으로 지역 상권 XP를 획득합니다.,소비형,market,60,receipt_or_sign_photo,2866307,라끄블루,1,t,approved,
rq_78ba232554a042de,라빈고양이카페 로컬 상권 방문,라빈고양이카페 방문 사진 또는 영수증 인증으로 지역 상권 XP를 획득합니다.,소비형,market,60,receipt_or_sign_photo,2735322,라빈고양이카페,1,t,approved,
rq_5187756844464b3d,라운지티 대전 로컬 상권 방문,라운지티 대전 방문 사진 또는 영수증 인증으로 지역 상권 XP를 획득합니다.,소비형,market,60,receipt_or_sign_photo,3446097,라운지티 대전,1,t,approved,
rq_c387f6b9b5a04562,렌토 로컬 상권 방문,렌토 방문 사진 또는 영수증 인증으로 지역 상권 XP를 획득합니다.,소비형,market,60,receipt_or_sign_photo,2866829,렌토,1,t,approved,
rq_8e1af5d3dcaf460f,롯데백화점 (대전점) 로컬 상권 방문,롯데백화점 (대전점) 방문 사진 또는 영수증 인증으로 지역 상권 XP를 획득합니다.,소비형,market,60,receipt_or_sign_photo,132661,롯데백화점 (대전점),1,t,approved,
rq_800cca73f54f4e41,르몽탁 로컬 상권 방문,르몽탁 방문 사진 또는 영수증 인증으로 지역 상권 XP를 획득합니다.,소비형,market,60,receipt_or_sign_photo,2866846,르몽탁,1,t,approved,
rq_fee6605697754156,리엔차이 로컬 상권 방문,리엔차이 방문 사진 또는 영수증 인증으로 지역 상권 XP를 획득합니다.,소비형,market,60,receipt_or_sign_photo,2738667,리엔차이,1,t,approved,
rq_4ac4362888a14a81,맛존매콤닭불고기 로컬 상권 방문,맛존매콤닭불고기 방문 사진 또는 영수증 인증으로 지역 상권 XP를 획득합니다.,소비형,market,60,receipt_or_sign_photo,2656222,맛존매콤닭불고기,1,t,approved,
rq_2819753c91014fe7,매봉식당 계족산본점 로컬 상권 방문,매봉식당 계족산본점 방문 사진 또는 영수증 인증으로 지역 상권 XP를 획득합니다.,소비형,market,60,receipt_or_sign_photo,2866245,매봉식당 계족산본점,1,t,approved,
rq_9963b97444a243c7,메이웨이 차이나 로컬 상권 방문,메이웨이 차이나 방문 사진 또는 영수증 인증으로 지역 상권 XP를 획득합니다.,소비형,market,60,receipt_or_sign_photo,2866916,메이웨이 차이나,1,t,approved,
rq_171986389e284478,명랑식당 로컬 상권 방문,명랑식당 방문 사진 또는 영수증 인증으로 지역 상권 XP를 획득합니다.,소비형,market,60,receipt_or_sign_photo,2580884,명랑식당,1,t,approved,
rq_1ca71edccfe147d8,모밥 신성점 로컬 상권 방문,모밥 신성점 방문 사진 또는 영수증 인증으로 지역 상권 XP를 획득합니다.,소비형,market,60,receipt_or_sign_photo,1941315,모밥 신성점,1,t,approved,
rq_c1b7b461b92f4fbd,모습 로컬 상권 방문,모습 방문 사진 또는 영수증 인증으로 지역 상권 XP를 획득합니다.,소비형,market,60,receipt_or_sign_photo,2869381,모습,1,t,approved,
rq_21bfd3e661854d27,목포팥칼국수 로컬 상권 방문,목포팥칼국수 방문 사진 또는 영수증 인증으로 지역 상권 XP를 획득합니다.,소비형,market,60,receipt_or_sign_photo,2580917,목포팥칼국수,1,t,approved,
rq_7630b981f825492e,몽뜨 로컬 상권 방문,몽뜨 방문 사진 또는 영수증 인증으로 지역 상권 XP를 획득합니다.,소비형,market,60,receipt_or_sign_photo,2899544,몽뜨,1,t,approved,
rq_df759799663941c0,문창전통시장 로컬 상권 방문,문창전통시장 방문 사진 또는 영수증 인증으로 지역 상권 XP를 획득합니다.,소비형,market,60,receipt_or_sign_photo,2746186,문창전통시장,1,t,approved,
rq_f71f616eb56e4ca2,미르식당 로컬 상권 방문,미르식당 방문 사진 또는 영수증 인증으로 지역 상권 XP를 획득합니다.,소비형,market,60,receipt_or_sign_photo,2827895,미르식당,1,t,approved,
rq_b4860460596b4ee1,미세노센세 로컬 상권 방문,미세노센세 방문 사진 또는 영수증 인증으로 지역 상권 XP를 획득합니다.,소비형,market,60,receipt_or_sign_photo,2865914,미세노센세,1,t,approved,
rq_2fbb5b5bece642a1,밀라드커피로스터즈 로컬 상권 방문,밀라드커피로스터즈 방문 사진 또는 영수증 인증으로 지역 상권 XP를 획득합니다.,소비형,market,60,receipt_or_sign_photo,2866943,밀라드커피로스터즈,1,t,approved,
rq_5e49717b6417428a,바다황제 로컬 상권 방문,바다황제 방문 사진 또는 영수증 인증으로 지역 상권 XP를 획득합니다.,소비형,market,60,receipt_or_sign_photo,2580968,바다황제,1,t,approved,
rq_47505091b837407b,반찬식당 로컬 상권 방문,반찬식당 방문 사진 또는 영수증 인증으로 지역 상권 XP를 획득합니다.,소비형,market,60,receipt_or_sign_photo,2665540,반찬식당,1,t,approved,
rq_884bdf37df3046f3,방동가든 로컬 상권 방문,방동가든 방문 사진 또는 영수증 인증으로 지역 상권 XP를 획득합니다.,소비형,market,60,receipt_or_sign_photo,2866963,방동가든,1,t,approved,
rq_accfe245fa484937,백마강참숯민물장어 로컬 상권 방문,백마강참숯민물장어 방문 사진 또는 영수증 인증으로 지역 상권 XP를 획득합니다.,소비형,market,60,receipt_or_sign_photo,2581039,백마강참숯민물장어,1,t,approved,
rq_d7c2a92c3d5a446d,백제식당 로컬 상권 방문,백제식당 방문 사진 또는 영수증 인증으로 지역 상권 XP를 획득합니다.,소비형,market,60,receipt_or_sign_photo,2766459,백제식당,1,t,approved,
rq_674962a37bd9474c,베스타 로컬 상권 방문,베스타 방문 사진 또는 영수증 인증으로 지역 상권 XP를 획득합니다.,소비형,market,60,receipt_or_sign_photo,2865929,베스타,1,t,approved,
rq_615217fc71d646ac,별천지식당 로컬 상권 방문,별천지식당 방문 사진 또는 영수증 인증으로 지역 상권 XP를 획득합니다.,소비형,market,60,receipt_or_sign_photo,133387,별천지식당,1,t,approved,
rq_8cfd166fad6c44c1,부추해물칼국수 로컬 상권 방문,부추해물칼국수 방문 사진 또는 영수증 인증으로 지역 상권 XP를 획득합니다.,소비형,market,60,receipt_or_sign_photo,2581103,부추해물칼국수,1,t,approved,
rq_55442ff947674314,비래키키 로컬 상권 방문,비래키키 방문 사진 또는 영수증 인증으로 지역 상권 XP를 획득합니다.,소비형,market,60,receipt_or_sign_photo,2866275,비래키키,1,t,approved,
rq_4e8a413a6eea4f01,사리원면옥 로컬 상권 방문,사리원면옥 방문 사진 또는 영수증 인증으로 지역 상권 XP를 획득합니다.,소비형,market,60,receipt_or_sign_photo,2581115,사리원면옥,1,t,approved,
rq_d2f6c77f6fb34c04,산내돌짜장면 대전본점 로컬 상권 방문,산내돌짜장면 대전본점 방문 사진 또는 영수증 인증으로 지역 상권 XP를 획득합니다.,소비형,market,60,receipt_or_sign_photo,2899660,산내돌짜장면 대전본점,1,t,approved,
rq_e01078baa2a14aaa,산밑할머니 로컬 상권 방문,산밑할머니 방문 사진 또는 영수증 인증으로 지역 상권 XP를 획득합니다.,소비형,market,60,receipt_or_sign_photo,2784695,산밑할머니,1,t,approved,
rq_697af3b0e0044397,삼대째전통칼국수 로컬 상권 방문,삼대째전통칼국수 방문 사진 또는 영수증 인증으로 지역 상권 XP를 획득합니다.,소비형,market,60,receipt_or_sign_photo,2582074,삼대째전통칼국수,1,t,approved,
rq_df816a15123a4fbd,삼부자 부대찌개 로컬 상권 방문,삼부자 부대찌개 방문 사진 또는 영수증 인증으로 지역 상권 XP를 획득합니다.,소비형,market,60,receipt_or_sign_photo,1926358,삼부자 부대찌개,1,t,approved,
rq_7637a8ef49cd40e3,삼삼카페 로컬 상권 방문,삼삼카페 방문 사진 또는 영수증 인증으로 지역 상권 XP를 획득합니다.,소비형,market,60,receipt_or_sign_photo,2899785,삼삼카페,1,t,approved,
rq_c580039492724e7f,상하이양꼬치 로컬 상권 방문,상하이양꼬치 방문 사진 또는 영수증 인증으로 지역 상권 XP를 획득합니다.,소비형,market,60,receipt_or_sign_photo,1923965,상하이양꼬치,1,t,approved,
rq_d9e020db8c3d4fee,샤를몽탁 로컬 상권 방문,샤를몽탁 방문 사진 또는 영수증 인증으로 지역 상권 XP를 획득합니다.,소비형,market,60,receipt_or_sign_photo,2766449,샤를몽탁,1,t,approved,
rq_cb7e412ac2374798,설짬뽕 로컬 상권 방문,설짬뽕 방문 사진 또는 영수증 인증으로 지역 상권 XP를 획득합니다.,소비형,market,60,receipt_or_sign_photo,2899522,설짬뽕,1,t,approved,
rq_35e1a276f5dc42e3,성심당 로컬 상권 방문,성심당 방문 사진 또는 영수증 인증으로 지역 상권 XP를 획득합니다.,소비형,market,60,receipt_or_sign_photo,1796079,성심당,1,t,approved,
rq_0e51ed9aa9bc4c45,소나무집 로컬 상권 방문,소나무집 방문 사진 또는 영수증 인증으로 지역 상권 XP를 획득합니다.,소비형,market,60,receipt_or_sign_photo,1914255,소나무집,1,t,approved,
rq_4722b1d30abc460a,소바공방 로컬 상권 방문,소바공방 방문 사진 또는 영수증 인증으로 지역 상권 XP를 획득합니다.,소비형,market,60,receipt_or_sign_photo,2866983,소바공방,1,t,approved,
rq_94e388345b834430,송강전통시장 로컬 상권 방문,송강전통시장 방문 사진 또는 영수증 인증으로 지역 상권 XP를 획득합니다.,소비형,market,60,receipt_or_sign_photo,2746192,송강전통시장,1,t,approved,
rq_1c4971d5720d4476,숯골원냉면 본점 로컬 상권 방문,숯골원냉면 본점 방문 사진 또는 영수증 인증으로 지역 상권 XP를 획득합니다.,소비형,market,60,receipt_or_sign_photo,2735301,숯골원냉면 본점,1,t,approved,
rq_474fda2c02894c5c,시장스시 로컬 상권 방문,시장스시 방문 사진 또는 영수증 인증으로 지역 상권 XP를 획득합니다.,소비형,market,60,receipt_or_sign_photo,2914114,시장스시,1,t,approved,
rq_3d4372e0944d4fb4,신선만두애 로컬 상권 방문,신선만두애 방문 사진 또는 영수증 인증으로 지역 상권 XP를 획득합니다.,소비형,market,60,receipt_or_sign_photo,2581540,신선만두애,1,t,approved,
rq_4f873297cb804537,"신탄진장 (3, 8일) 로컬 상권 방문","신탄진장 (3, 8일) 방문 사진 또는 영수증 인증으로 지역 상권 XP를 획득합니다.",소비형,market,60,receipt_or_sign_photo,1128720,"신탄진장 (3, 8일)",1,t,approved,
rq_14b9bb4412084e48,신화수산활어회타운 로컬 상권 방문,신화수산활어회타운 방문 사진 또는 영수증 인증으로 지역 상권 XP를 획득합니다.,소비형,market,60,receipt_or_sign_photo,2906603,신화수산활어회타운,1,t,approved,
rq_7820e06ea8324f2a,쌍촌본가 로컬 상권 방문,쌍촌본가 방문 사진 또는 영수증 인증으로 지역 상권 XP를 획득합니다.,소비형,market,60,receipt_or_sign_photo,2899313,쌍촌본가,1,t,approved,
rq_9e47e58d5a804794,아리 소바제면소 로컬 상권 방문,아리 소바제면소 방문 사진 또는 영수증 인증으로 지역 상권 XP를 획득합니다.,소비형,market,60,receipt_or_sign_photo,2913179,아리 소바제면소,1,t,approved,2026-09-08 10:07:15.36301+09
rq_2cc127484e2049e1,아케이드커피 로컬 상권 방문,아케이드커피 방문 사진 또는 영수증 인증으로 지역 상권 XP를 획득합니다.,소비형,market,60,receipt_or_sign_photo,2867008,아케이드커피,1,t,approved,
rq_cc87fad48c7042a9,안도스시 로컬 상권 방문,안도스시 방문 사진 또는 영수증 인증으로 지역 상권 XP를 획득합니다.,소비형,market,60,receipt_or_sign_photo,2867024,안도스시,1,t,approved,
rq_cace61c481774cd4,알텐데 로컬 상권 방문,알텐데 방문 사진 또는 영수증 인증으로 지역 상권 XP를 획득합니다.,소비형,market,60,receipt_or_sign_photo,2913199,알텐데,1,t,approved,2026-09-08 10:07:15.36301+09
rq_3ae3b20a484246c8,양탄가 로컬 상권 방문,양탄가 방문 사진 또는 영수증 인증으로 지역 상권 XP를 획득합니다.,소비형,market,60,receipt_or_sign_photo,2913259,양탄가,1,t,approved,2026-09-08 10:07:15.36301+09
rq_e0e073c5367d4d5f,어반더쉐프 로컬 상권 방문,어반더쉐프 방문 사진 또는 영수증 인증으로 지역 상권 XP를 획득합니다.,소비형,market,60,receipt_or_sign_photo,3457340,어반더쉐프,1,t,approved,
rq_2cc31bfd846444c7,어썸80더대청 로컬 상권 방문,어썸80더대청 방문 사진 또는 영수증 인증으로 지역 상권 XP를 획득합니다.,소비형,market,60,receipt_or_sign_photo,2899246,어썸80더대청,1,t,approved,
rq_55ae7bd2f1874022,역전시장 로컬 상권 방문,역전시장 방문 사진 또는 영수증 인증으로 지역 상권 XP를 획득합니다.,소비형,market,60,receipt_or_sign_photo,1623651,역전시장,1,t,approved,
rq_1bb692e6731b478a,오백돈 대전본점 로컬 상권 방문,오백돈 대전본점 방문 사진 또는 영수증 인증으로 지역 상권 XP를 획득합니다.,소비형,market,60,receipt_or_sign_photo,2580065,오백돈 대전본점,1,t,approved,
rq_ab9608156ef4419a,오사카시장스시 로컬 상권 방문,오사카시장스시 방문 사진 또는 영수증 인증으로 지역 상권 XP를 획득합니다.,소비형,market,60,receipt_or_sign_photo,2914490,오사카시장스시,1,t,approved,
rq_a7d7c33af2f146be,오씨칼국수 로컬 상권 방문,오씨칼국수 방문 사진 또는 영수증 인증으로 지역 상권 XP를 획득합니다.,소비형,market,60,receipt_or_sign_photo,2581759,오씨칼국수,1,t,approved,
rq_c9bcaf10f0484c1c,오정농수산물도매시장 로컬 상권 방문,오정농수산물도매시장 방문 사진 또는 영수증 인증으로 지역 상권 XP를 획득합니다.,소비형,market,60,receipt_or_sign_photo,2758574,오정농수산물도매시장,1,t,approved,
rq_5c6ac24edeaa4c5c,오한순손수제비 로컬 상권 방문,오한순손수제비 방문 사진 또는 영수증 인증으로 지역 상권 XP를 획득합니다.,소비형,market,60,receipt_or_sign_photo,2899503,오한순손수제비,1,t,approved,
rq_b15dc68986574386,옥수숯불구이 로컬 상권 방문,옥수숯불구이 방문 사진 또는 영수증 인증으로 지역 상권 XP를 획득합니다.,소비형,market,60,receipt_or_sign_photo,2778437,옥수숯불구이,1,t,approved,
rq_b34b973dd29d41e3,온천칼국수 로컬 상권 방문,온천칼국수 방문 사진 또는 영수증 인증으로 지역 상권 XP를 획득합니다.,소비형,market,60,receipt_or_sign_photo,2734919,온천칼국수,1,t,approved,
rq_f138119924284d93,와타요업 로컬 상권 방문,와타요업 방문 사진 또는 영수증 인증으로 지역 상권 XP를 획득합니다.,소비형,market,60,receipt_or_sign_photo,2667003,와타요업,1,t,approved,
rq_29532fbcf4604f24,왕관식당 로컬 상권 방문,왕관식당 방문 사진 또는 영수증 인증으로 지역 상권 XP를 획득합니다.,소비형,market,60,receipt_or_sign_photo,2581776,왕관식당,1,t,approved,
rq_b8015cccfb9c4d55,용운산성 로컬 상권 방문,용운산성 방문 사진 또는 영수증 인증으로 지역 상권 XP를 획득합니다.,소비형,market,60,receipt_or_sign_photo,133876,용운산성,1,t,approved,
rq_ae92db1aeac24d28,유성불백 로컬 상권 방문,유성불백 방문 사진 또는 영수증 인증으로 지역 상권 XP를 획득합니다.,소비형,market,60,receipt_or_sign_photo,2743286,유성불백,1,t,approved,
rq_aba61085f05d458b,유성시장부터 대전의 과학시설물 돌아보기 로컬 상권 방문,유성시장부터 대전의 과학시설물 돌아보기 방문 사진 또는 영수증 인증으로 지역 상권 XP를 획득합니다.,소비형,market,60,receipt_or_sign_photo,1978176,유성시장부터 대전의 과학시설물 돌아보기,1,t,approved,2026-09-08 10:07:15.36301+09
rq_b5a5872987ce4ac0,"유성장(4, 9일) 로컬 상권 방문","유성장(4, 9일) 방문 사진 또는 영수증 인증으로 지역 상권 XP를 획득합니다.",소비형,market,60,receipt_or_sign_photo,132259,"유성장(4, 9일)",1,t,approved,
rq_31172be20b88443e,으능정이문화의거리 로컬 상권 방문,으능정이문화의거리 방문 사진 또는 영수증 인증으로 지역 상권 XP를 획득합니다.,소비형,market,60,receipt_or_sign_photo,132505,으능정이문화의거리,1,t,approved,
rq_c6d4e7ad0b394f38,음식이있는풍경 로컬 상권 방문,음식이있는풍경 방문 사진 또는 영수증 인증으로 지역 상권 XP를 획득합니다.,소비형,market,60,receipt_or_sign_photo,2867102,음식이있는풍경,1,t,approved,
rq_459ed79f12ea43d2,이태리국시 본점 로컬 상권 방문,이태리국시 본점 방문 사진 또는 영수증 인증으로 지역 상권 XP를 획득합니다.,소비형,market,60,receipt_or_sign_photo,2899479,이태리국시 본점,1,t,approved,
rq_85ea7470624f4b08,이화원 로컬 상권 방문,이화원 방문 사진 또는 영수증 인증으로 지역 상권 XP를 획득합니다.,소비형,market,60,receipt_or_sign_photo,821963,이화원,1,t,approved,
rq_145c8412b9374a92,인디(INDY) 로컬 상권 방문,인디(INDY) 방문 사진 또는 영수증 인증으로 지역 상권 XP를 획득합니다.,소비형,market,60,receipt_or_sign_photo,2865976,인디(INDY),1,t,approved,
rq_4516602087d24690,자동차 카페 카레이지 히피스 로컬 상권 방문,자동차 카페 카레이지 히피스 방문 사진 또는 영수증 인증으로 지역 상권 XP를 획득합니다.,소비형,market,60,receipt_or_sign_photo,2913121,자동차 카페 카레이지 히피스,1,t,approved,
rq_ba53561621054417,작은화로 로컬 상권 방문,작은화로 방문 사진 또는 영수증 인증으로 지역 상권 XP를 획득합니다.,소비형,market,60,receipt_or_sign_photo,2915777,작은화로,1,t,approved,
rq_250c2dd5efb34500,적덕식당 로컬 상권 방문,적덕식당 방문 사진 또는 영수증 인증으로 지역 상권 XP를 획득합니다.,소비형,market,60,receipt_or_sign_photo,2582057,적덕식당,1,t,approved,
rq_272a237e04874cd0,전낙소 대전본점 로컬 상권 방문,전낙소 대전본점 방문 사진 또는 영수증 인증으로 지역 상권 XP를 획득합니다.,소비형,market,60,receipt_or_sign_photo,2867110,전낙소 대전본점,1,t,approved,
rq_8cf1da93cff14140,전미원 로컬 상권 방문,전미원 방문 사진 또는 영수증 인증으로 지역 상권 XP를 획득합니다.,소비형,market,60,receipt_or_sign_photo,2867117,전미원,1,t,approved,
rq_10c054c6a3e4444e,전복에굴에 로컬 상권 방문,전복에굴에 방문 사진 또는 영수증 인증으로 지역 상권 XP를 획득합니다.,소비형,market,60,receipt_or_sign_photo,2915716,전복에굴에,1,t,approved,
rq_c0abaa055b7343a1,전통콩나물밥 로컬 상권 방문,전통콩나물밥 방문 사진 또는 영수증 인증으로 지역 상권 XP를 획득합니다.,소비형,market,60,receipt_or_sign_photo,2788888,전통콩나물밥,1,t,approved,
rq_725aaa93f08342fb,정일품두손두부 로컬 상권 방문,정일품두손두부 방문 사진 또는 영수증 인증으로 지역 상권 XP를 획득합니다.,소비형,market,60,receipt_or_sign_photo,3444834,정일품두손두부,1,t,approved,
rq_3841c9feca1f4255,정자나무가든 로컬 상권 방문,정자나무가든 방문 사진 또는 영수증 인증으로 지역 상권 XP를 획득합니다.,소비형,market,60,receipt_or_sign_photo,608066,정자나무가든,1,t,approved,
rq_16e2a57a20ca48ba,조기종의 향미각 본점 로컬 상권 방문,조기종의 향미각 본점 방문 사진 또는 영수증 인증으로 지역 상권 XP를 획득합니다.,소비형,market,60,receipt_or_sign_photo,2899748,조기종의 향미각 본점,1,t,approved,
rq_937d13b023fd476d,중리전통시장 로컬 상권 방문,중리전통시장 방문 사진 또는 영수증 인증으로 지역 상권 XP를 획득합니다.,소비형,market,60,receipt_or_sign_photo,1128853,중리전통시장,1,t,approved,
rq_cef0ed554dcb4d72,진로집 로컬 상권 방문,진로집 방문 사진 또는 영수증 인증으로 지역 상권 XP를 획득합니다.,소비형,market,60,receipt_or_sign_photo,2582117,진로집,1,t,approved,
rq_2a5f476eae064c3b,청주해장국 로컬 상권 방문,청주해장국 방문 사진 또는 영수증 인증으로 지역 상권 XP를 획득합니다.,소비형,market,60,receipt_or_sign_photo,134714,청주해장국,1,t,approved,
rq_fdbed8e7bf344ef7,치앙마이방콕 로컬 상권 방문,치앙마이방콕 방문 사진 또는 영수증 인증으로 지역 상권 XP를 획득합니다.,소비형,market,60,receipt_or_sign_photo,2865825,치앙마이방콕,1,t,approved,
rq_d1e97305d6f447a2,카라멜 로컬 상권 방문,카라멜 방문 사진 또는 영수증 인증으로 지역 상권 XP를 획득합니다.,소비형,market,60,receipt_or_sign_photo,2869359,카라멜,1,t,approved,
rq_7cc2884863e44f64,커피가 로컬 상권 방문,커피가 방문 사진 또는 영수증 인증으로 지역 상권 XP를 획득합니다.,소비형,market,60,receipt_or_sign_photo,2766901,커피가,1,t,approved,
rq_22d63f20e93c43b4,커피인터뷰 로컬 상권 방문,커피인터뷰 방문 사진 또는 영수증 인증으로 지역 상권 XP를 획득합니다.,소비형,market,60,receipt_or_sign_photo,3038939,커피인터뷰,1,t,approved,2026-09-08 10:07:15.36301+09
rq_a05448d0387245e5,케이인하우스 로컬 상권 방문,케이인하우스 방문 사진 또는 영수증 인증으로 지역 상권 XP를 획득합니다.,소비형,market,60,receipt_or_sign_photo,2734912,케이인하우스,1,t,approved,
rq_c78388edfb7f468a,코너스톤에이치(cornerstone H) 로컬 상권 방문,코너스톤에이치(cornerstone H) 방문 사진 또는 영수증 인증으로 지역 상권 XP를 획득합니다.,소비형,market,60,receipt_or_sign_photo,2899393,코너스톤에이치(cornerstone H),1,t,approved,
rq_a76b72596f16440d,쿠쿠펫 로컬 상권 방문,쿠쿠펫 방문 사진 또는 영수증 인증으로 지역 상권 XP를 획득합니다.,소비형,market,60,receipt_or_sign_photo,2951584,쿠쿠펫,1,t,approved,
rq_bc064b5de7e74b11,태평전통시장 로컬 상권 방문,태평전통시장 방문 사진 또는 영수증 인증으로 지역 상권 XP를 획득합니다.,소비형,market,60,receipt_or_sign_photo,1309877,태평전통시장,1,t,approved,
rq_c610ffc0f7bd4788,태화장 로컬 상권 방문,태화장 방문 사진 또는 영수증 인증으로 지역 상권 XP를 획득합니다.,소비형,market,60,receipt_or_sign_photo,1807586,태화장,1,t,approved,
rq_c942116a6c8244c2,토미야 로컬 상권 방문,토미야 방문 사진 또는 영수증 인증으로 지역 상권 XP를 획득합니다.,소비형,market,60,receipt_or_sign_photo,2866029,토미야,1,t,approved,
rq_5551ec1308834de5,플레이스 플로라 로컬 상권 방문,플레이스 플로라 방문 사진 또는 영수증 인증으로 지역 상권 XP를 획득합니다.,소비형,market,60,receipt_or_sign_photo,2767023,플레이스 플로라,1,t,approved,
rq_7a4abde7e23f445d,피터커피 로컬 상권 방문,피터커피 방문 사진 또는 영수증 인증으로 지역 상권 XP를 획득합니다.,소비형,market,60,receipt_or_sign_photo,3452654,피터커피,1,t,approved,
rq_68a0c759e58842a3,하얀책상 로컬 상권 방문,하얀책상 방문 사진 또는 영수증 인증으로 지역 상권 XP를 획득합니다.,소비형,market,60,receipt_or_sign_photo,2734910,하얀책상,1,t,approved,
rq_b739ee0f0b364c19,하우어커피 로컬 상권 방문,하우어커피 방문 사진 또는 영수증 인증으로 지역 상권 XP를 획득합니다.,소비형,market,60,receipt_or_sign_photo,2915629,하우어커피,1,t,approved,2026-09-08 10:07:15.36301+09
rq_c49f7cda65574766,한밭식당 로컬 상권 방문,한밭식당 방문 사진 또는 영수증 인증으로 지역 상권 XP를 획득합니다.,소비형,market,60,receipt_or_sign_photo,2582629,한밭식당,1,t,approved,
rq_cdd97c1afc194a0c,한알천 본점 로컬 상권 방문,한알천 본점 방문 사진 또는 영수증 인증으로 지역 상권 XP를 획득합니다.,소비형,market,60,receipt_or_sign_photo,2915692,한알천 본점,1,t,approved,
rq_c9e9afaf141b4af2,한영식당 로컬 상권 방문,한영식당 방문 사진 또는 영수증 인증으로 지역 상권 XP를 획득합니다.,소비형,market,60,receipt_or_sign_photo,2582663,한영식당,1,t,approved,
rq_4b1c372bc9294452,한옥카페 예이제448 로컬 상권 방문,한옥카페 예이제448 방문 사진 또는 영수증 인증으로 지역 상권 XP를 획득합니다.,소비형,market,60,receipt_or_sign_photo,2766948,한옥카페 예이제448,1,t,approved,
rq_04444567c38a426e,후지산 로컬 상권 방문,후지산 방문 사진 또는 영수증 인증으로 지역 상권 XP를 획득합니다.,소비형,market,60,receipt_or_sign_photo,2899410,후지산,1,t,approved,2026-09-08 10:07:15.36301+09
rq_3fd306ad31a74f93,훈불 로컬 상권 방문,훈불 방문 사진 또는 영수증 인증으로 지역 상권 XP를 획득합니다.,소비형,market,60,receipt_or_sign_photo,2915848,훈불,1,t,approved,
rq_c8844ad862a54320,계룡산 수통골 이동 루트,계룡산 수통골을 출발점으로 가까운 관광지를 연결하는 이동형 퀘스트입니다.,이동형,mobility,70,gps_distance,2407314,계룡산 수통골,1,t,approved,
rq_d55faebb81144c60,남선공원 스케이트장 이동 루트,남선공원 스케이트장을 출발점으로 가까운 관광지를 연결하는 이동형 퀘스트입니다.,이동형,mobility,70,gps_distance,3079868,남선공원 스케이트장,1,t,approved,2026-09-08 10:07:15.36301+09
rq_241ed14f24b443ea,레이저태그스포츠 오월드점 이동 루트,레이저태그스포츠 오월드점을 출발점으로 가까운 관광지를 연결하는 이동형 퀘스트입니다.,이동형,mobility,70,gps_distance,3336500,레이저태그스포츠 오월드점,1,t,approved,
rq_dc635bddb2cb4ba2,갑천 자연 관찰 체크인,갑천 주변에서 오늘의 자연 단서를 기록하고 초록 탐험가 XP를 획득합니다.,방문형,nature,50,gps,1623750,갑천,1,t,approved,
rq_937f040e551044cb,금강로하스 대청공원 (암석식물원) 자연 관찰 체크인,금강로하스 대청공원 (암석식물원) 주변에서 오늘의 자연 단서를 기록하고 초록 탐험가 XP를 획득합니다.,방문형,nature,50,gps,2790930,금강로하스 대청공원 (암석식물원),1,t,approved,
rq_fabe35b8eb9c4d4b,금강로하스대청공원 자연 관찰 체크인,금강로하스대청공원 주변에서 오늘의 자연 단서를 기록하고 초록 탐험가 XP를 획득합니다.,방문형,nature,50,gps,2407303,금강로하스대청공원,1,t,approved,
rq_54109ddea7764f96,금강로하스산호빛공원 자연 관찰 체크인,금강로하스산호빛공원 주변에서 오늘의 자연 단서를 기록하고 초록 탐험가 XP를 획득합니다.,방문형,nature,50,gps,2913032,금강로하스산호빛공원,1,t,approved,
rq_2a3c6fd5d4fe4ae8,길치문화공원 자연 관찰 체크인,길치문화공원 주변에서 오늘의 자연 단서를 기록하고 초록 탐험가 XP를 획득합니다.,방문형,nature,50,gps,1622646,길치문화공원,1,t,approved,
rq_b55a7a021b58456d,남선공원 자연 관찰 체크인,남선공원 주변에서 오늘의 자연 단서를 기록하고 초록 탐험가 XP를 획득합니다.,방문형,nature,50,gps,2758252,남선공원,1,t,approved,
rq_e067148e5de746ba,노고산 자연 관찰 체크인,노고산 주변에서 오늘의 자연 단서를 기록하고 초록 탐험가 XP를 획득합니다.,방문형,nature,50,gps,2786012,노고산,1,t,approved,
rq_8f4330bb502f4146,대전광역시청 시민잔디광장 자연 관찰 체크인,대전광역시청 시민잔디광장 주변에서 오늘의 자연 단서를 기록하고 초록 탐험가 XP를 획득합니다.,방문형,nature,50,gps,2743325,대전광역시청 시민잔디광장,1,t,approved,
rq_51c6462219544799,대전엑스포과학공원 자연 관찰 체크인,대전엑스포과학공원 주변에서 오늘의 자연 단서를 기록하고 초록 탐험가 XP를 획득합니다.,방문형,nature,50,gps,125994,대전엑스포과학공원,1,t,approved,
rq_e87911db45414a4b,대전엑스포시민광장 자연 관찰 체크인,대전엑스포시민광장 주변에서 오늘의 자연 단서를 기록하고 초록 탐험가 XP를 획득합니다.,방문형,nature,50,gps,2738037,대전엑스포시민광장,1,t,approved,
rq_c29146d46da74599,대전역 동광장 자연 관찰 체크인,대전역 동광장 주변에서 오늘의 자연 단서를 기록하고 초록 탐험가 XP를 획득합니다.,방문형,nature,50,gps,2775503,대전역 동광장,1,t,approved,
rq_eaf6a589d55841e6,대청호 자연 관찰 체크인,대청호 주변에서 오늘의 자연 단서를 기록하고 초록 탐험가 XP를 획득합니다.,방문형,nature,50,gps,126846,대청호,1,t,approved,
rq_02b4dc1dd2bc4343,대청호 마산동 쉼터 자연 관찰 체크인,대청호 마산동 쉼터 주변에서 오늘의 자연 단서를 기록하고 초록 탐험가 XP를 획득합니다.,방문형,nature,50,gps,2911885,대청호 마산동 쉼터,1,t,approved,
rq_dba2df9515ce4f50,대청호자연수변공원 자연 관찰 체크인,대청호자연수변공원 주변에서 오늘의 자연 단서를 기록하고 초록 탐험가 XP를 획득합니다.,방문형,nature,50,gps,2758246,대청호자연수변공원,1,t,approved,
rq_ea0b121587f54a5d,동화울수변공원 자연 관찰 체크인,동화울수변공원 주변에서 오늘의 자연 단서를 기록하고 초록 탐험가 XP를 획득합니다.,방문형,nature,50,gps,2789662,동화울수변공원,1,t,approved,
rq_a7c5c9a74e00494b,마치광장 자연 관찰 체크인,마치광장 주변에서 오늘의 자연 단서를 기록하고 초록 탐험가 XP를 획득합니다.,방문형,nature,50,gps,2758646,마치광장,1,t,approved,
rq_a18b29e99e7f4031,만인산 자연휴양림 자연 관찰 체크인,만인산 자연휴양림 주변에서 오늘의 자연 단서를 기록하고 초록 탐험가 XP를 획득합니다.,방문형,nature,50,gps,2661814,만인산 자연휴양림,1,t,approved,
rq_cc14a81f3e944659,만인산푸른학습원 자연 관찰 체크인,만인산푸른학습원 주변에서 오늘의 자연 단서를 기록하고 초록 탐험가 XP를 획득합니다.,방문형,nature,50,gps,125429,만인산푸른학습원,1,t,approved,
rq_093723a09ce54fa6,보문산 행복 숲 둘레길 자연 관찰 체크인,보문산 행복 숲 둘레길 주변에서 오늘의 자연 단서를 기록하고 초록 탐험가 XP를 획득합니다.,방문형,nature,50,gps,127542,보문산 행복 숲 둘레길,1,t,approved,
rq_801a9e2244fb4917,뿌리공원 자연 관찰 체크인,뿌리공원 주변에서 오늘의 자연 단서를 기록하고 초록 탐험가 XP를 획득합니다.,방문형,nature,50,gps,126838,뿌리공원,1,t,approved,
rq_cf217a32ff134e50,산디마을생태공원캠핑장 자연 관찰 체크인,산디마을생태공원캠핑장 주변에서 오늘의 자연 단서를 기록하고 초록 탐험가 XP를 획득합니다.,방문형,nature,50,gps,2727459,산디마을생태공원캠핑장,1,t,approved,
rq_34c3c09746b54431,삼정생태공원 자연 관찰 체크인,삼정생태공원 주변에서 오늘의 자연 단서를 기록하고 초록 탐험가 XP를 획득합니다.,방문형,nature,50,gps,2689761,삼정생태공원,1,t,approved,
rq_cfba0e3561f84b3d,상보안 유원지 자연 관찰 체크인,상보안 유원지 주변에서 오늘의 자연 단서를 기록하고 초록 탐험가 XP를 획득합니다.,방문형,nature,50,gps,2732216,상보안 유원지,1,t,approved,
rq_83311d50cbe24e67,상소동 산림욕장 자연 관찰 체크인,상소동 산림욕장 주변에서 오늘의 자연 단서를 기록하고 초록 탐험가 XP를 획득합니다.,방문형,nature,50,gps,1125480,상소동 산림욕장,1,t,approved,
rq_c9278553233e4203,서대전공원 자연 관찰 체크인,서대전공원 주변에서 오늘의 자연 단서를 기록하고 초록 탐험가 XP를 획득합니다.,방문형,nature,50,gps,3080290,서대전공원,1,t,approved,
rq_101f92fab5c74041,왕버드나무군락지 자연 관찰 체크인,왕버드나무군락지 주변에서 오늘의 자연 단서를 기록하고 초록 탐험가 XP를 획득합니다.,방문형,nature,50,gps,2610587,왕버드나무군락지,1,t,approved,
rq_02ee0cee065b451b,우리들공원 자연 관찰 체크인,우리들공원 주변에서 오늘의 자연 단서를 기록하고 초록 탐험가 XP를 획득합니다.,방문형,nature,50,gps,2732202,우리들공원,1,t,approved,
rq_84df7add374a4618,우암사적공원 자연 관찰 체크인,우암사적공원 주변에서 오늘의 자연 단서를 기록하고 초록 탐험가 XP를 획득합니다.,방문형,nature,50,gps,945477,우암사적공원,1,t,approved,
rq_21d66ced14154297,유림공원 자연 관찰 체크인,유림공원 주변에서 오늘의 자연 단서를 기록하고 초록 탐험가 XP를 획득합니다.,방문형,nature,50,gps,2674960,유림공원,1,t,approved,
rq_94eba9365ca74753,유성국화축제 자연 관찰 체크인,유성국화축제 주변에서 오늘의 자연 단서를 기록하고 초록 탐험가 XP를 획득합니다.,방문형,nature,50,gps,2561795,유성국화축제,1,t,approved,
rq_5933fac0484742f1,은구비공원 자연 관찰 체크인,은구비공원 주변에서 오늘의 자연 단서를 기록하고 초록 탐험가 XP를 획득합니다.,방문형,nature,50,gps,2775510,은구비공원,1,t,approved,
rq_45f0ce1fcf564030,을미기공원 자연 관찰 체크인,을미기공원 주변에서 오늘의 자연 단서를 기록하고 초록 탐험가 XP를 획득합니다.,방문형,nature,50,gps,2913058,을미기공원,1,t,approved,
rq_4862b41453af4dc1,장동만남공원 자연 관찰 체크인,장동만남공원 주변에서 오늘의 자연 단서를 기록하고 초록 탐험가 XP를 획득합니다.,방문형,nature,50,gps,2689820,장동만남공원,1,t,approved,
rq_4297964af7444eb7,장동산림욕장 자연 관찰 체크인,장동산림욕장 주변에서 오늘의 자연 단서를 기록하고 초록 탐험가 XP를 획득합니다.,방문형,nature,50,gps,705678,장동산림욕장,1,t,approved,
rq_af66a725e2434669,추동인공생태습지 자연 관찰 체크인,추동인공생태습지 주변에서 오늘의 자연 단서를 기록하고 초록 탐험가 XP를 획득합니다.,방문형,nature,50,gps,1125505,추동인공생태습지,1,t,approved,
rq_41dbd6ccac4948fd,테미공원 자연 관찰 체크인,테미공원 주변에서 오늘의 자연 단서를 기록하고 초록 탐험가 XP를 획득합니다.,방문형,nature,50,gps,2758655,테미공원,1,t,approved,
rq_a5bd8c1311574f48,흑석유원지 자연 관찰 체크인,흑석유원지 주변에서 오늘의 자연 단서를 기록하고 초록 탐험가 XP를 획득합니다.,방문형,nature,50,gps,2758588,흑석유원지,1,t,approved,
rq_40738600249c44a0,남선공원 과학 탐험,남선공원에서 전시 키워드 하나를 수첩에 남기고 과학 탐험가 XP를 획득합니다.,테마형,science,80,checklist,2758252,남선공원,1,f,approved,
rq_7b46b8484b174906,대전광역시청 시민잔디광장 과학 탐험,대전광역시청 시민잔디광장에서 전시 키워드 하나를 수첩에 남기고 과학 탐험가 XP를 획득합니다.,테마형,science,80,checklist,2743325,대전광역시청 시민잔디광장,1,f,approved,
rq_df775d5775da458a,대전대학교30주년기념관 과학 탐험,대전대학교30주년기념관에서 전시 키워드 하나를 수첩에 남기고 과학 탐험가 XP를 획득합니다.,테마형,science,80,checklist,3008952,대전대학교30주년기념관,1,t,approved,
rq_d669207e298a41cc,대전대학교박물관 과학 탐험,대전대학교박물관에서 전시 키워드 하나를 수첩에 남기고 과학 탐험가 XP를 획득합니다.,테마형,science,80,checklist,129836,대전대학교박물관,1,t,approved,
rq_c4a71fee164f40e5,대전서구문화원 과학 탐험,대전서구문화원에서 전시 키워드 하나를 수첩에 남기고 과학 탐험가 XP를 획득합니다.,테마형,science,80,checklist,130197,대전서구문화원,1,f,approved,
rq_25bc3795271f4ab6,대전선사박물관 과학 탐험,대전선사박물관에서 전시 키워드 하나를 수첩에 남기고 과학 탐험가 XP를 획득합니다.,테마형,science,80,checklist,1066804,대전선사박물관,1,t,approved,
rq_7ce58eb6ab914d47,대전시립박물관 과학 탐험,대전시립박물관에서 전시 키워드 하나를 수첩에 남기고 과학 탐험가 XP를 획득합니다.,테마형,science,80,checklist,1907589,대전시립박물관,1,t,approved,
rq_3f6a516dfcd946b9,대전전통나래관 과학 탐험,대전전통나래관에서 전시 키워드 하나를 수첩에 남기고 과학 탐험가 XP를 획득합니다.,테마형,science,80,checklist,2605913,대전전통나래관,1,t,approved,
rq_a23f32c90e3946f8,대청호자연생태관 과학 탐험,대청호자연생태관에서 전시 키워드 하나를 수첩에 남기고 과학 탐험가 XP를 획득합니다.,테마형,science,80,checklist,736422,대청호자연생태관,1,t,approved,
rq_a7a4a0452bbf4cb9,도산서원(대전) 과학 탐험,도산서원(대전)에서 전시 키워드 하나를 수첩에 남기고 과학 탐험가 XP를 획득합니다.,테마형,science,80,checklist,1955818,도산서원(대전),1,f,approved,
rq_560208d170d34599,여진불교미술관 과학 탐험,여진불교미술관에서 전시 키워드 하나를 수첩에 남기고 과학 탐험가 XP를 획득합니다.,테마형,science,80,checklist,1066785,여진불교미술관,1,t,approved,
rq_4b68e600cb6f495d,유성 족욕체험장 과학 탐험,유성 족욕체험장에서 전시 키워드 하나를 수첩에 남기고 과학 탐험가 XP를 획득합니다.,테마형,science,80,checklist,2605899,유성 족욕체험장,1,f,approved,
rq_dd7a77929d9f4119,유성온천지구 과학 탐험,유성온천지구에서 전시 키워드 하나를 수첩에 남기고 과학 탐험가 XP를 획득합니다.,테마형,science,80,checklist,125858,유성온천지구,1,f,approved,
rq_6314596ae47c4cd5,충남대학교 정심화국제문화회관 과학 탐험,충남대학교 정심화국제문화회관에서 전시 키워드 하나를 수첩에 남기고 과학 탐험가 XP를 획득합니다.,테마형,science,80,checklist,1167117,충남대학교 정심화국제문화회관,1,f,approved,
rq_001470c6ef00403a,한밭교육박물관 과학 탐험,한밭교육박물관에서 전시 키워드 하나를 수첩에 남기고 과학 탐험가 XP를 획득합니다.,테마형,science,80,checklist,130420,한밭교육박물관,1,t,approved,
rq_083b8bddc06948ea,화폐박물관 과학 탐험,화폐박물관에서 전시 키워드 하나를 수첩에 남기고 과학 탐험가 XP를 획득합니다.,테마형,science,80,checklist,129789,화폐박물관,1,t,approved,
